Workbook

Sheet Datos
A1: PLANILLA SEGUIMIENTO — FNTC-161-2026 | Feb–Dic 2026 | Ingresar valores REALES en columna I (IGs) y columna H (IRs) — celdas azules
A3: SECCIÓN A — INDICADORES DE GESTIÓN POR ACTIVIDAD | Ingresar valor acumulado real en col I por cada período
A4: Cód. | B4: Indicador / Actividad | C4: Aspecto a Desarrollar | D4: Unidad | E4: Meta Total | F4: Meta Acum. Mes | G4: Período | H4: Mes # | I4: Valor Real | J4: Último Acum. | K4: % Desempeño | L4: Semáforo
A5: IG-01 | B5: Diseño Material Gráfico | C5: 1.1 — Diseño y desarrollo de piezas para campaña Colombia El País De La Belleza | D5: % Presup. Ejecutado | E5: 1 | F5: 0.090909091 | G5: Feb-26 | H5: 1 | I5: 0.45 | J5: =IFERROR(LOOKUP(2,1/(I5:I5<>""),I5:I5),"—") -> 0.45 | K5: =IFERROR(IF(OR(J5="—",F5=0),"",J5/F5*100),"—") -> 495 | L5: =IFERROR(IF(K5="","",IF(K5>=95,3,IF(K5>=80,2,1))),"—") -> 3
A6: IG-01 | B6: Diseño Material Gráfico | C6: 1.1 — Diseño y desarrollo de piezas para campaña Colombia El País De La Belleza | D6: % Presup. Ejecutado | E6: 1 | F6: 0.18181818 | G6: Mar-26 | H6: 2 | J6: =IFERROR(LOOKUP(2,1/(I5:I6<>""),I5:I6),"—") -> 0.45 | K6: =IFERROR(IF(OR(J6="—",F6=0),"",J6/F6*100),"—") -> 247.5 | L6: =IFERROR(IF(K6="","",IF(K6>=95,3,IF(K6>=80,2,1))),"—") -> 3
A7: IG-01 | B7: Diseño Material Gráfico | C7: 1.1 — Diseño y desarrollo de piezas para campaña Colombia El País De La Belleza | D7: % Presup. Ejecutado | E7: 1 | F7: 0.27272727 | G7: Abr-26 | H7: 3 | J7: =IFERROR(LOOKUP(2,1/(I5:I7<>""),I5:I7),"—") -> 0.45 | K7: =IFERROR(IF(OR(J7="—",F7=0),"",J7/F7*100),"—") -> 165 | L7: =IFERROR(IF(K7="","",IF(K7>=95,3,IF(K7>=80,2,1))),"—") -> 3
A8: IG-01 | B8: Diseño Material Gráfico | C8: 1.1 — Diseño y desarrollo de piezas para campaña Colombia El País De La Belleza | D8: % Presup. Ejecutado | E8: 1 | F8: 0.36363636 | G8: May-26 | H8: 4 | J8: =IFERROR(LOOKUP(2,1/(I5:I8<>""),I5:I8),"—") -> 0.45 | K8: =IFERROR(IF(OR(J8="—",F8=0),"",J8/F8*100),"—") -> 123.75 | L8: =IFERROR(IF(K8="","",IF(K8>=95,3,IF(K8>=80,2,1))),"—") -> 3
A9: IG-01 | B9: Diseño Material Gráfico | C9: 1.1 — Diseño y desarrollo de piezas para campaña Colombia El País De La Belleza | D9: % Presup. Ejecutado | E9: 1 | F9: 0.45454545 | G9: Jun-26 | H9: 5 | J9: =IFERROR(LOOKUP(2,1/(I5:I9<>""),I5:I9),"—") -> 0.45 | K9: =IFERROR(IF(OR(J9="—",F9=0),"",J9/F9*100),"—") -> 99 | L9: =IFERROR(IF(K9="","",IF(K9>=95,3,IF(K9>=80,2,1))),"—") -> 3
A10: IG-01 | B10: Diseño Material Gráfico | C10: 1.1 — Diseño y desarrollo de piezas para campaña Colombia El País De La Belleza | D10: % Presup. Ejecutado | E10: 1 | F10: 0.54545455 | G10: Jul-26 | H10: 6 | J10: =IFERROR(LOOKUP(2,1/(I5:I10<>""),I5:I10),"—") -> 0.45 | K10: =IFERROR(IF(OR(J10="—",F10=0),"",J10/F10*100),"—") -> 82.5 | L10: =IFERROR(IF(K10="","",IF(K10>=95,3,IF(K10>=80,2,1))),"—") -> 2
A11: IG-01 | B11: Diseño Material Gráfico | C11: 1.1 — Diseño y desarrollo de piezas para campaña Colombia El País De La Belleza | D11: % Presup. Ejecutado | E11: 1 | F11: 0.63636364 | G11: Ago-26 | H11: 7 | J11: =IFERROR(LOOKUP(2,1/(I5:I11<>""),I5:I11),"—") -> 0.45 | K11: =IFERROR(IF(OR(J11="—",F11=0),"",J11/F11*100),"—") -> 70.714286 | L11: =IFERROR(IF(K11="","",IF(K11>=95,3,IF(K11>=80,2,1))),"—") -> 1
A12: IG-01 | B12: Diseño Material Gráfico | C12: 1.1 — Diseño y desarrollo de piezas para campaña Colombia El País De La Belleza | D12: % Presup. Ejecutado | E12: 1 | F12: 0.72727273 | G12: Sep-26 | H12: 8 | J12: =IFERROR(LOOKUP(2,1/(I5:I12<>""),I5:I12),"—") -> 0.45 | K12: =IFERROR(IF(OR(J12="—",F12=0),"",J12/F12*100),"—") -> 61.875 | L12: =IFERROR(IF(K12="","",IF(K12>=95,3,IF(K12>=80,2,1))),"—") -> 1
A13: IG-01 | B13: Diseño Material Gráfico | C13: 1.1 — Diseño y desarrollo de piezas para campaña Colombia El País De La Belleza | D13: % Presup. Ejecutado | E13: 1 | F13: 0.81818182 | G13: Oct-26 | H13: 9 | J13: =IFERROR(LOOKUP(2,1/(I5:I13<>""),I5:I13),"—") -> 0.45 | K13: =IFERROR(IF(OR(J13="—",F13=0),"",J13/F13*100),"—") -> 55 | L13: =IFERROR(IF(K13="","",IF(K13>=95,3,IF(K13>=80,2,1))),"—") -> 1
A14: IG-01 | B14: Diseño Material Gráfico | C14: 1.1 — Diseño y desarrollo de piezas para campaña Colombia El País De La Belleza | D14: % Presup. Ejecutado | E14: 1 | F14: 0.90909091 | G14: Nov-26 | H14: 10 | J14: =IFERROR(LOOKUP(2,1/(I5:I14<>""),I5:I14),"—") -> 0.45 | K14: =IFERROR(IF(OR(J14="—",F14=0),"",J14/F14*100),"—") -> 49.5 | L14: =IFERROR(IF(K14="","",IF(K14>=95,3,IF(K14>=80,2,1))),"—") -> 1
A15: IG-01 | B15: Diseño Material Gráfico | C15: 1.1 — Diseño y desarrollo de piezas para campaña Colombia El País De La Belleza | D15: % Presup. Ejecutado | E15: 1 | F15: 1 | G15: Dic-26 | H15: 11 | J15: =IFERROR(LOOKUP(2,1/(I5:I15<>""),I5:I15),"—") -> 0.45 | K15: =IFERROR(IF(OR(J15="—",F15=0),"",J15/F15*100),"—") -> 45 | L15: =IFERROR(IF(K15="","",IF(K15>=95,3,IF(K15>=80,2,1))),"—") -> 1
A16: IG-02 | B16: Ejecución Pauta | C16: 1.2 — Estrategias en canales digitales, medios tradicionales y alternativos | D16: % Presup. Ejecutado | E16: 1 | F16: 0.090909091 | G16: Feb-26 | H16: 1 | I16: 0.58 | J16: =IFERROR(LOOKUP(2,1/(I16:I16<>""),I16:I16),"—") -> 0.58 | K16: =IFERROR(IF(OR(J16="—",F16=0),"",J16/F16*100),"—") -> 638 | L16: =IFERROR(IF(K16="","",IF(K16>=95,3,IF(K16>=80,2,1))),"—") -> 3
A17: IG-02 | B17: Ejecución Pauta | C17: 1.2 — Estrategias en canales digitales, medios tradicionales y alternativos | D17: % Presup. Ejecutado | E17: 1 | F17: 0.18181818 | G17: Mar-26 | H17: 2 | J17: =IFERROR(LOOKUP(2,1/(I16:I17<>""),I16:I17),"—") -> 0.58 | K17: =IFERROR(IF(OR(J17="—",F17=0),"",J17/F17*100),"—") -> 319 | L17: =IFERROR(IF(K17="","",IF(K17>=95,3,IF(K17>=80,2,1))),"—") -> 3
A18: IG-02 | B18: Ejecución Pauta | C18: 1.2 — Estrategias en canales digitales, medios tradicionales y alternativos | D18: % Presup. Ejecutado | E18: 1 | F18: 0.27272727 | G18: Abr-26 | H18: 3 | J18: =IFERROR(LOOKUP(2,1/(I16:I18<>""),I16:I18),"—") -> 0.58 | K18: =IFERROR(IF(OR(J18="—",F18=0),"",J18/F18*100),"—") -> 212.66667 | L18: =IFERROR(IF(K18="","",IF(K18>=95,3,IF(K18>=80,2,1))),"—") -> 3
A19: IG-02 | B19: Ejecución Pauta | C19: 1.2 — Estrategias en canales digitales, medios tradicionales y alternativos | D19: % Presup. Ejecutado | E19: 1 | F19: 0.36363636 | G19: May-26 | H19: 4 | J19: =IFERROR(LOOKUP(2,1/(I16:I19<>""),I16:I19),"—") -> 0.58 | K19: =IFERROR(IF(OR(J19="—",F19=0),"",J19/F19*100),"—") -> 159.5 | L19: =IFERROR(IF(K19="","",IF(K19>=95,3,IF(K19>=80,2,1))),"—") -> 3
A20: IG-02 | B20: Ejecución Pauta | C20: 1.2 — Estrategias en canales digitales, medios tradicionales y alternativos | D20: % Presup. Ejecutado | E20: 1 | F20: 0.45454545 | G20: Jun-26 | H20: 5 | J20: =IFERROR(LOOKUP(2,1/(I16:I20<>""),I16:I20),"—") -> 0.58 | K20: =IFERROR(IF(OR(J20="—",F20=0),"",J20/F20*100),"—") -> 127.6 | L20: =IFERROR(IF(K20="","",IF(K20>=95,3,IF(K20>=80,2,1))),"—") -> 3
A21: IG-02 | B21: Ejecución Pauta | C21: 1.2 — Estrategias en canales digitales, medios tradicionales y alternativos | D21: % Presup. Ejecutado | E21: 1 | F21: 0.54545455 | G21: Jul-26 | H21: 6 | J21: =IFERROR(LOOKUP(2,1/(I16:I21<>""),I16:I21),"—") -> 0.58 | K21: =IFERROR(IF(OR(J21="—",F21=0),"",J21/F21*100),"—") -> 106.33333 | L21: =IFERROR(IF(K21="","",IF(K21>=95,3,IF(K21>=80,2,1))),"—") -> 3
A22: IG-02 | B22: Ejecución Pauta | C22: 1.2 — Estrategias en canales digitales, medios tradicionales y alternativos | D22: % Presup. Ejecutado | E22: 1 | F22: 0.63636364 | G22: Ago-26 | H22: 7 | J22: =IFERROR(LOOKUP(2,1/(I16:I22<>""),I16:I22),"—") -> 0.58 | K22: =IFERROR(IF(OR(J22="—",F22=0),"",J22/F22*100),"—") -> 91.142857 | L22: =IFERROR(IF(K22="","",IF(K22>=95,3,IF(K22>=80,2,1))),"—") -> 2
A23: IG-02 | B23: Ejecución Pauta | C23: 1.2 — Estrategias en canales digitales, medios tradicionales y alternativos | D23: % Presup. Ejecutado | E23: 1 | F23: 0.72727273 | G23: Sep-26 | H23: 8 | J23: =IFERROR(LOOKUP(2,1/(I16:I23<>""),I16:I23),"—") -> 0.58 | K23: =IFERROR(IF(OR(J23="—",F23=0),"",J23/F23*100),"—") -> 79.75 | L23: =IFERROR(IF(K23="","",IF(K23>=95,3,IF(K23>=80,2,1))),"—") -> 1
A24: IG-02 | B24: Ejecución Pauta | C24: 1.2 — Estrategias en canales digitales, medios tradicionales y alternativos | D24: % Presup. Ejecutado | E24: 1 | F24: 0.81818182 | G24: Oct-26 | H24: 9 | J24: =IFERROR(LOOKUP(2,1/(I16:I24<>""),I16:I24),"—") -> 0.58 | K24: =IFERROR(IF(OR(J24="—",F24=0),"",J24/F24*100),"—") -> 70.888889 | L24: =IFERROR(IF(K24="","",IF(K24>=95,3,IF(K24>=80,2,1))),"—") -> 1
A25: IG-02 | B25: Ejecución Pauta | C25: 1.2 — Estrategias en canales digitales, medios tradicionales y alternativos | D25: % Presup. Ejecutado | E25: 1 | F25: 0.90909091 | G25: Nov-26 | H25: 10 | J25: =IFERROR(LOOKUP(2,1/(I16:I25<>""),I16:I25),"—") -> 0.58 | K25: =IFERROR(IF(OR(J25="—",F25=0),"",J25/F25*100),"—") -> 63.8 | L25: =IFERROR(IF(K25="","",IF(K25>=95,3,IF(K25>=80,2,1))),"—") -> 1
A26: IG-02 | B26: Ejecución Pauta | C26: 1.2 — Estrategias en canales digitales, medios tradicionales y alternativos | D26: % Presup. Ejecutado | E26: 1 | F26: 1 | G26: Dic-26 | H26: 11 | J26: =IFERROR(LOOKUP(2,1/(I16:I26<>""),I16:I26),"—") -> 0.58 | K26: =IFERROR(IF(OR(J26="—",F26=0),"",J26/F26*100),"—") -> 58 | L26: =IFERROR(IF(K26="","",IF(K26>=95,3,IF(K26>=80,2,1))),"—") -> 1
A27: IG-03 | B27: Actividades BTL | C27: 1.3 — Promoción de destinos y productos según estrategia de marca (≥32 activaciones) | D27: % Presup. Ejecutado | E27: 1 | F27: 0.090909091 | G27: Feb-26 | H27: 1 | I27: 0.62 | J27: =IFERROR(LOOKUP(2,1/(I27:I27<>""),I27:I27),"—") -> 0.62 | K27: =IFERROR(IF(OR(J27="—",F27=0),"",J27/F27*100),"—") -> 682 | L27: =IFERROR(IF(K27="","",IF(K27>=95,3,IF(K27>=80,2,1))),"—") -> 3
A28: IG-03 | B28: Actividades BTL | C28: 1.3 — Promoción de destinos y productos según estrategia de marca (≥32 activaciones) | D28: % Presup. Ejecutado | E28: 1 | F28: 0.18181818 | G28: Mar-26 | H28: 2 | J28: =IFERROR(LOOKUP(2,1/(I27:I28<>""),I27:I28),"—") -> 0.62 | K28: =IFERROR(IF(OR(J28="—",F28=0),"",J28/F28*100),"—") -> 341 | L28: =IFERROR(IF(K28="","",IF(K28>=95,3,IF(K28>=80,2,1))),"—") -> 3
A29: IG-03 | B29: Actividades BTL | C29: 1.3 — Promoción de destinos y productos según estrategia de marca (≥32 activaciones) | D29: % Presup. Ejecutado | E29: 1 | F29: 0.27272727 | G29: Abr-26 | H29: 3 | J29: =IFERROR(LOOKUP(2,1/(I27:I29<>""),I27:I29),"—") -> 0.62 | K29: =IFERROR(IF(OR(J29="—",F29=0),"",J29/F29*100),"—") -> 227.33333 | L29: =IFERROR(IF(K29="","",IF(K29>=95,3,IF(K29>=80,2,1))),"—") -> 3
A30: IG-03 | B30: Actividades BTL | C30: 1.3 — Promoción de destinos y productos según estrategia de marca (≥32 activaciones) | D30: % Presup. Ejecutado | E30: 1 | F30: 0.36363636 | G30: May-26 | H30: 4 | J30: =IFERROR(LOOKUP(2,1/(I27:I30<>""),I27:I30),"—") -> 0.62 | K30: =IFERROR(IF(OR(J30="—",F30=0),"",J30/F30*100),"—") -> 170.5 | L30: =IFERROR(IF(K30="","",IF(K30>=95,3,IF(K30>=80,2,1))),"—") -> 3
A31: IG-03 | B31: Actividades BTL | C31: 1.3 — Promoción de destinos y productos según estrategia de marca (≥32 activaciones) | D31: % Presup. Ejecutado | E31: 1 | F31: 0.45454545 | G31: Jun-26 | H31: 5 | J31: =IFERROR(LOOKUP(2,1/(I27:I31<>""),I27:I31),"—") -> 0.62 | K31: =IFERROR(IF(OR(J31="—",F31=0),"",J31/F31*100),"—") -> 136.4 | L31: =IFERROR(IF(K31="","",IF(K31>=95,3,IF(K31>=80,2,1))),"—") -> 3
A32: IG-03 | B32: Actividades BTL | C32: 1.3 — Promoción de destinos y productos según estrategia de marca (≥32 activaciones) | D32: % Presup. Ejecutado | E32: 1 | F32: 0.54545455 | G32: Jul-26 | H32: 6 | J32: =IFERROR(LOOKUP(2,1/(I27:I32<>""),I27:I32),"—") -> 0.62 | K32: =IFERROR(IF(OR(J32="—",F32=0),"",J32/F32*100),"—") -> 113.66667 | L32: =IFERROR(IF(K32="","",IF(K32>=95,3,IF(K32>=80,2,1))),"—") -> 3
A33: IG-03 | B33: Actividades BTL | C33: 1.3 — Promoción de destinos y productos según estrategia de marca (≥32 activaciones) | D33: % Presup. Ejecutado | E33: 1 | F33: 0.63636364 | G33: Ago-26 | H33: 7 | J33: =IFERROR(LOOKUP(2,1/(I27:I33<>""),I27:I33),"—") -> 0.62 | K33: =IFERROR(IF(OR(J33="—",F33=0),"",J33/F33*100),"—") -> 97.428571 | L33: =IFERROR(IF(K33="","",IF(K33>=95,3,IF(K33>=80,2,1))),"—") -> 3
A34: IG-03 | B34: Actividades BTL | C34: 1.3 — Promoción de destinos y productos según estrategia de marca (≥32 activaciones) | D34: % Presup. Ejecutado | E34: 1 | F34: 0.72727273 | G34: Sep-26 | H34: 8 | J34: =IFERROR(LOOKUP(2,1/(I27:I34<>""),I27:I34),"—") -> 0.62 | K34: =IFERROR(IF(OR(J34="—",F34=0),"",J34/F34*100),"—") -> 85.25 | L34: =IFERROR(IF(K34="","",IF(K34>=95,3,IF(K34>=80,2,1))),"—") -> 2
A35: IG-03 | B35: Actividades BTL | C35: 1.3 — Promoción de destinos y productos según estrategia de marca (≥32 activaciones) | D35: % Presup. Ejecutado | E35: 1 | F35: 0.81818182 | G35: Oct-26 | H35: 9 | J35: =IFERROR(LOOKUP(2,1/(I27:I35<>""),I27:I35),"—") -> 0.62 | K35: =IFERROR(IF(OR(J35="—",F35=0),"",J35/F35*100),"—") -> 75.777778 | L35: =IFERROR(IF(K35="","",IF(K35>=95,3,IF(K35>=80,2,1))),"—") -> 1
A36: IG-03 | B36: Actividades BTL | C36: 1.3 — Promoción de destinos y productos según estrategia de marca (≥32 activaciones) | D36: % Presup. Ejecutado | E36: 1 | F36: 0.90909091 | G36: Nov-26 | H36: 10 | J36: =IFERROR(LOOKUP(2,1/(I27:I36<>""),I27:I36),"—") -> 0.62 | K36: =IFERROR(IF(OR(J36="—",F36=0),"",J36/F36*100),"—") -> 68.2 | L36: =IFERROR(IF(K36="","",IF(K36>=95,3,IF(K36>=80,2,1))),"—") -> 1
A37: IG-03 | B37: Actividades BTL | C37: 1.3 — Promoción de destinos y productos según estrategia de marca (≥32 activaciones) | D37: % Presup. Ejecutado | E37: 1 | F37: 1 | G37: Dic-26 | H37: 11 | J37: =IFERROR(LOOKUP(2,1/(I27:I37<>""),I27:I37),"—") -> 0.62 | K37: =IFERROR(IF(OR(J37="—",F37=0),"",J37/F37*100),"—") -> 62 | L37: =IFERROR(IF(K37="","",IF(K37>=95,3,IF(K37>=80,2,1))),"—") -> 1
A38: IG-04 | B38: Material Promocional POP | C38: 1.4 — Producción y distribución de material POP bajo lineamientos MinCIT | D38: % Presup. Ejecutado | E38: 1 | F38: 0.090909091 | G38: Feb-26 | H38: 1 | I38: 0.31 | J38: =IFERROR(LOOKUP(2,1/(I38:I38<>""),I38:I38),"—") -> 0.31 | K38: =IFERROR(IF(OR(J38="—",F38=0),"",J38/F38*100),"—") -> 341 | L38: =IFERROR(IF(K38="","",IF(K38>=95,3,IF(K38>=80,2,1))),"—") -> 3
A39: IG-04 | B39: Material Promocional POP | C39: 1.4 — Producción y distribución de material POP bajo lineamientos MinCIT | D39: % Presup. Ejecutado | E39: 1 | F39: 0.18181818 | G39: Mar-26 | H39: 2 | J39: =IFERROR(LOOKUP(2,1/(I38:I39<>""),I38:I39),"—") -> 0.31 | K39: =IFERROR(IF(OR(J39="—",F39=0),"",J39/F39*100),"—") -> 170.5 | L39: =IFERROR(IF(K39="","",IF(K39>=95,3,IF(K39>=80,2,1))),"—") -> 3
A40: IG-04 | B40: Material Promocional POP | C40: 1.4 — Producción y distribución de material POP bajo lineamientos MinCIT | D40: % Presup. Ejecutado | E40: 1 | F40: 0.27272727 | G40: Abr-26 | H40: 3 | J40: =IFERROR(LOOKUP(2,1/(I38:I40<>""),I38:I40),"—") -> 0.31 | K40: =IFERROR(IF(OR(J40="—",F40=0),"",J40/F40*100),"—") -> 113.66667 | L40: =IFERROR(IF(K40="","",IF(K40>=95,3,IF(K40>=80,2,1))),"—") -> 3
A41: IG-04 | B41: Material Promocional POP | C41: 1.4 — Producción y distribución de material POP bajo lineamientos MinCIT | D41: % Presup. Ejecutado | E41: 1 | F41: 0.36363636 | G41: May-26 | H41: 4 | J41: =IFERROR(LOOKUP(2,1/(I38:I41<>""),I38:I41),"—") -> 0.31 | K41: =IFERROR(IF(OR(J41="—",F41=0),"",J41/F41*100),"—") -> 85.25 | L41: =IFERROR(IF(K41="","",IF(K41>=95,3,IF(K41>=80,2,1))),"—") -> 2
A42: IG-04 | B42: Material Promocional POP | C42: 1.4 — Producción y distribución de material POP bajo lineamientos MinCIT | D42: % Presup. Ejecutado | E42: 1 | F42: 0.45454545 | G42: Jun-26 | H42: 5 | J42: =IFERROR(LOOKUP(2,1/(I38:I42<>""),I38:I42),"—") -> 0.31 | K42: =IFERROR(IF(OR(J42="—",F42=0),"",J42/F42*100),"—") -> 68.2 | L42: =IFERROR(IF(K42="","",IF(K42>=95,3,IF(K42>=80,2,1))),"—") -> 1
A43: IG-04 | B43: Material Promocional POP | C43: 1.4 — Producción y distribución de material POP bajo lineamientos MinCIT | D43: % Presup. Ejecutado | E43: 1 | F43: 0.54545455 | G43: Jul-26 | H43: 6 | J43: =IFERROR(LOOKUP(2,1/(I38:I43<>""),I38:I43),"—") -> 0.31 | K43: =IFERROR(IF(OR(J43="—",F43=0),"",J43/F43*100),"—") -> 56.833333 | L43: =IFERROR(IF(K43="","",IF(K43>=95,3,IF(K43>=80,2,1))),"—") -> 1
A44: IG-04 | B44: Material Promocional POP | C44: 1.4 — Producción y distribución de material POP bajo lineamientos MinCIT | D44: % Presup. Ejecutado | E44: 1 | F44: 0.63636364 | G44: Ago-26 | H44: 7 | J44: =IFERROR(LOOKUP(2,1/(I38:I44<>""),I38:I44),"—") -> 0.31 | K44: =IFERROR(IF(OR(J44="—",F44=0),"",J44/F44*100),"—") -> 48.714286 | L44: =IFERROR(IF(K44="","",IF(K44>=95,3,IF(K44>=80,2,1))),"—") -> 1
A45: IG-04 | B45: Material Promocional POP | C45: 1.4 — Producción y distribución de material POP bajo lineamientos MinCIT | D45: % Presup. Ejecutado | E45: 1 | F45: 0.72727273 | G45: Sep-26 | H45: 8 | J45: =IFERROR(LOOKUP(2,1/(I38:I45<>""),I38:I45),"—") -> 0.31 | K45: =IFERROR(IF(OR(J45="—",F45=0),"",J45/F45*100),"—") -> 42.625 | L45: =IFERROR(IF(K45="","",IF(K45>=95,3,IF(K45>=80,2,1))),"—") -> 1
A46: IG-04 | B46: Material Promocional POP | C46: 1.4 — Producción y distribución de material POP bajo lineamientos MinCIT | D46: % Presup. Ejecutado | E46: 1 | F46: 0.81818182 | G46: Oct-26 | H46: 9 | J46: =IFERROR(LOOKUP(2,1/(I38:I46<>""),I38:I46),"—") -> 0.31 | K46: =IFERROR(IF(OR(J46="—",F46=0),"",J46/F46*100),"—") -> 37.888889 | L46: =IFERROR(IF(K46="","",IF(K46>=95,3,IF(K46>=80,2,1))),"—") -> 1
A47: IG-04 | B47: Material Promocional POP | C47: 1.4 — Producción y distribución de material POP bajo lineamientos MinCIT | D47: % Presup. Ejecutado | E47: 1 | F47: 0.90909091 | G47: Nov-26 | H47: 10 | J47: =IFERROR(LOOKUP(2,1/(I38:I47<>""),I38:I47),"—") -> 0.31 | K47: =IFERROR(IF(OR(J47="—",F47=0),"",J47/F47*100),"—") -> 34.1 | L47: =IFERROR(IF(K47="","",IF(K47>=95,3,IF(K47>=80,2,1))),"—") -> 1
A48: IG-04 | B48: Material Promocional POP | C48: 1.4 — Producción y distribución de material POP bajo lineamientos MinCIT | D48: % Presup. Ejecutado | E48: 1 | F48: 1 | G48: Dic-26 | H48: 11 | J48: =IFERROR(LOOKUP(2,1/(I38:I48<>""),I38:I48),"—") -> 0.31 | K48: =IFERROR(IF(OR(J48="—",F48=0),"",J48/F48*100),"—") -> 31 | L48: =IFERROR(IF(K48="","",IF(K48>=95,3,IF(K48>=80,2,1))),"—") -> 1
A49: IG-05 | B49: Viajes de Familiarización | C49: 1.5 — Logística para prensa e influenciadores (≥12 viajes de familiarización) | D49: % Presup. Ejecutado | E49: 1 | F49: 0.090909091 | G49: Feb-26 | H49: 1 | I49: 0.14 | J49: =IFERROR(LOOKUP(2,1/(I49:I49<>""),I49:I49),"—") -> 0.14 | K49: =IFERROR(IF(OR(J49="—",F49=0),"",J49/F49*100),"—") -> 154 | L49: =IFERROR(IF(K49="","",IF(K49>=95,3,IF(K49>=80,2,1))),"—") -> 3
A50: IG-05 | B50: Viajes de Familiarización | C50: 1.5 — Logística para prensa e influenciadores (≥12 viajes de familiarización) | D50: % Presup. Ejecutado | E50: 1 | F50: 0.18181818 | G50: Mar-26 | H50: 2 | J50: =IFERROR(LOOKUP(2,1/(I49:I50<>""),I49:I50),"—") -> 0.14 | K50: =IFERROR(IF(OR(J50="—",F50=0),"",J50/F50*100),"—") -> 77 | L50: =IFERROR(IF(K50="","",IF(K50>=95,3,IF(K50>=80,2,1))),"—") -> 1
A51: IG-05 | B51: Viajes de Familiarización | C51: 1.5 — Logística para prensa e influenciadores (≥12 viajes de familiarización) | D51: % Presup. Ejecutado | E51: 1 | F51: 0.27272727 | G51: Abr-26 | H51: 3 | J51: =IFERROR(LOOKUP(2,1/(I49:I51<>""),I49:I51),"—") -> 0.14 | K51: =IFERROR(IF(OR(J51="—",F51=0),"",J51/F51*100),"—") -> 51.333333 | L51: =IFERROR(IF(K51="","",IF(K51>=95,3,IF(K51>=80,2,1))),"—") -> 1
A52: IG-05 | B52: Viajes de Familiarización | C52: 1.5 — Logística para prensa e influenciadores (≥12 viajes de familiarización) | D52: % Presup. Ejecutado | E52: 1 | F52: 0.36363636 | G52: May-26 | H52: 4 | J52: =IFERROR(LOOKUP(2,1/(I49:I52<>""),I49:I52),"—") -> 0.14 | K52: =IFERROR(IF(OR(J52="—",F52=0),"",J52/F52*100),"—") -> 38.5 | L52: =IFERROR(IF(K52="","",IF(K52>=95,3,IF(K52>=80,2,1))),"—") -> 1
A53: IG-05 | B53: Viajes de Familiarización | C53: 1.5 — Logística para prensa e influenciadores (≥12 viajes de familiarización) | D53: % Presup. Ejecutado | E53: 1 | F53: 0.45454545 | G53: Jun-26 | H53: 5 | J53: =IFERROR(LOOKUP(2,1/(I49:I53<>""),I49:I53),"—") -> 0.14 | K53: =IFERROR(IF(OR(J53="—",F53=0),"",J53/F53*100),"—") -> 30.8 | L53: =IFERROR(IF(K53="","",IF(K53>=95,3,IF(K53>=80,2,1))),"—") -> 1
A54: IG-05 | B54: Viajes de Familiarización | C54: 1.5 — Logística para prensa e influenciadores (≥12 viajes de familiarización) | D54: % Presup. Ejecutado | E54: 1 | F54: 0.54545455 | G54: Jul-26 | H54: 6 | J54: =IFERROR(LOOKUP(2,1/(I49:I54<>""),I49:I54),"—") -> 0.14 | K54: =IFERROR(IF(OR(J54="—",F54=0),"",J54/F54*100),"—") -> 25.666667 | L54: =IFERROR(IF(K54="","",IF(K54>=95,3,IF(K54>=80,2,1))),"—") -> 1
A55: IG-05 | B55: Viajes de Familiarización | C55: 1.5 — Logística para prensa e influenciadores (≥12 viajes de familiarización) | D55: % Presup. Ejecutado | E55: 1 | F55: 0.63636364 | G55: Ago-26 | H55: 7 | J55: =IFERROR(LOOKUP(2,1/(I49:I55<>""),I49:I55),"—") -> 0.14 | K55: =IFERROR(IF(OR(J55="—",F55=0),"",J55/F55*100),"—") -> 22 | L55: =IFERROR(IF(K55="","",IF(K55>=95,3,IF(K55>=80,2,1))),"—") -> 1
A56: IG-05 | B56: Viajes de Familiarización | C56: 1.5 — Logística para prensa e influenciadores (≥12 viajes de familiarización) | D56: % Presup. Ejecutado | E56: 1 | F56: 0.72727273 | G56: Sep-26 | H56: 8 | J56: =IFERROR(LOOKUP(2,1/(I49:I56<>""),I49:I56),"—") -> 0.14 | K56: =IFERROR(IF(OR(J56="—",F56=0),"",J56/F56*100),"—") -> 19.25 | L56: =IFERROR(IF(K56="","",IF(K56>=95,3,IF(K56>=80,2,1))),"—") -> 1
A57: IG-05 | B57: Viajes de Familiarización | C57: 1.5 — Logística para prensa e influenciadores (≥12 viajes de familiarización) | D57: % Presup. Ejecutado | E57: 1 | F57: 0.81818182 | G57: Oct-26 | H57: 9 | J57: =IFERROR(LOOKUP(2,1/(I49:I57<>""),I49:I57),"—") -> 0.14 | K57: =IFERROR(IF(OR(J57="—",F57=0),"",J57/F57*100),"—") -> 17.111111 | L57: =IFERROR(IF(K57="","",IF(K57>=95,3,IF(K57>=80,2,1))),"—") -> 1
A58: IG-05 | B58: Viajes de Familiarización | C58: 1.5 — Logística para prensa e influenciadores (≥12 viajes de familiarización) | D58: % Presup. Ejecutado | E58: 1 | F58: 0.90909091 | G58: Nov-26 | H58: 10 | J58: =IFERROR(LOOKUP(2,1/(I49:I58<>""),I49:I58),"—") -> 0.14 | K58: =IFERROR(IF(OR(J58="—",F58=0),"",J58/F58*100),"—") -> 15.4 | L58: =IFERROR(IF(K58="","",IF(K58>=95,3,IF(K58>=80,2,1))),"—") -> 1
A59: IG-05 | B59: Viajes de Familiarización | C59: 1.5 — Logística para prensa e influenciadores (≥12 viajes de familiarización) | D59: % Presup. Ejecutado | E59: 1 | F59: 1 | G59: Dic-26 | H59: 11 | J59: =IFERROR(LOOKUP(2,1/(I49:I59<>""),I49:I59),"—") -> 0.14 | K59: =IFERROR(IF(OR(J59="—",F59=0),"",J59/F59*100),"—") -> 14 | L59: =IFERROR(IF(K59="","",IF(K59>=95,3,IF(K59>=80,2,1))),"—") -> 1
A60: IG-06 | B60: Embajadores de Marca | C60: 1.6 — Selección y seguimiento de hasta 6 embajadores regionales (1 por macrorregión) | D60: Emb. Vinculados / 6 | E60: 1 | F60: 0.090909091 | G60: Feb-26 | H60: 1 | I60: 0 | J60: =IFERROR(LOOKUP(2,1/(I60:I60<>""),I60:I60),"—") -> 0 | K60: =IFERROR(IF(OR(J60="—",F60=0),"",J60/F60*100),"—") -> 0 | L60: =IFERROR(IF(K60="","",IF(K60>=95,3,IF(K60>=80,2,1))),"—") -> 1
A61: IG-06 | B61: Embajadores de Marca | C61: 1.6 — Selección y seguimiento de hasta 6 embajadores regionales (1 por macrorregión) | D61: Emb. Vinculados / 6 | E61: 1 | F61: 0.18181818 | G61: Mar-26 | H61: 2 | J61: =IFERROR(LOOKUP(2,1/(I60:I61<>""),I60:I61),"—") -> 0 | K61: =IFERROR(IF(OR(J61="—",F61=0),"",J61/F61*100),"—") -> 0 | L61: =IFERROR(IF(K61="","",IF(K61>=95,3,IF(K61>=80,2,1))),"—") -> 1
A62: IG-06 | B62: Embajadores de Marca | C62: 1.6 — Selección y seguimiento de hasta 6 embajadores regionales (1 por macrorregión) | D62: Emb. Vinculados / 6 | E62: 1 | F62: 0.27272727 | G62: Abr-26 | H62: 3 | J62: =IFERROR(LOOKUP(2,1/(I60:I62<>""),I60:I62),"—") -> 0 | K62: =IFERROR(IF(OR(J62="—",F62=0),"",J62/F62*100),"—") -> 0 | L62: =IFERROR(IF(K62="","",IF(K62>=95,3,IF(K62>=80,2,1))),"—") -> 1
A63: IG-06 | B63: Embajadores de Marca | C63: 1.6 — Selección y seguimiento de hasta 6 embajadores regionales (1 por macrorregión) | D63: Emb. Vinculados / 6 | E63: 1 | F63: 0.36363636 | G63: May-26 | H63: 4 | J63: =IFERROR(LOOKUP(2,1/(I60:I63<>""),I60:I63),"—") -> 0 | K63: =IFERROR(IF(OR(J63="—",F63=0),"",J63/F63*100),"—") -> 0 | L63: =IFERROR(IF(K63="","",IF(K63>=95,3,IF(K63>=80,2,1))),"—") -> 1
A64: IG-06 | B64: Embajadores de Marca | C64: 1.6 — Selección y seguimiento de hasta 6 embajadores regionales (1 por macrorregión) | D64: Emb. Vinculados / 6 | E64: 1 | F64: 0.45454545 | G64: Jun-26 | H64: 5 | J64: =IFERROR(LOOKUP(2,1/(I60:I64<>""),I60:I64),"—") -> 0 | K64: =IFERROR(IF(OR(J64="—",F64=0),"",J64/F64*100),"—") -> 0 | L64: =IFERROR(IF(K64="","",IF(K64>=95,3,IF(K64>=80,2,1))),"—") -> 1
A65: IG-06 | B65: Embajadores de Marca | C65: 1.6 — Selección y seguimiento de hasta 6 embajadores regionales (1 por macrorregión) | D65: Emb. Vinculados / 6 | E65: 1 | F65: 0.54545455 | G65: Jul-26 | H65: 6 | J65: =IFERROR(LOOKUP(2,1/(I60:I65<>""),I60:I65),"—") -> 0 | K65: =IFERROR(IF(OR(J65="—",F65=0),"",J65/F65*100),"—") -> 0 | L65: =IFERROR(IF(K65="","",IF(K65>=95,3,IF(K65>=80,2,1))),"—") -> 1
A66: IG-06 | B66: Embajadores de Marca | C66: 1.6 — Selección y seguimiento de hasta 6 embajadores regionales (1 por macrorregión) | D66: Emb. Vinculados / 6 | E66: 1 | F66: 0.63636364 | G66: Ago-26 | H66: 7 | J66: =IFERROR(LOOKUP(2,1/(I60:I66<>""),I60:I66),"—") -> 0 | K66: =IFERROR(IF(OR(J66="—",F66=0),"",J66/F66*100),"—") -> 0 | L66: =IFERROR(IF(K66="","",IF(K66>=95,3,IF(K66>=80,2,1))),"—") -> 1
A67: IG-06 | B67: Embajadores de Marca | C67: 1.6 — Selección y seguimiento de hasta 6 embajadores regionales (1 por macrorregión) | D67: Emb. Vinculados / 6 | E67: 1 | F67: 0.72727273 | G67: Sep-26 | H67: 8 | J67: =IFERROR(LOOKUP(2,1/(I60:I67<>""),I60:I67),"—") -> 0 | K67: =IFERROR(IF(OR(J67="—",F67=0),"",J67/F67*100),"—") -> 0 | L67: =IFERROR(IF(K67="","",IF(K67>=95,3,IF(K67>=80,2,1))),"—") -> 1
A68: IG-06 | B68: Embajadores de Marca | C68: 1.6 — Selección y seguimiento de hasta 6 embajadores regionales (1 por macrorregión) | D68: Emb. Vinculados / 6 | E68: 1 | F68: 0.81818182 | G68: Oct-26 | H68: 9 | J68: =IFERROR(LOOKUP(2,1/(I60:I68<>""),I60:I68),"—") -> 0 | K68: =IFERROR(IF(OR(J68="—",F68=0),"",J68/F68*100),"—") -> 0 | L68: =IFERROR(IF(K68="","",IF(K68>=95,3,IF(K68>=80,2,1))),"—") -> 1
A69: IG-06 | B69: Embajadores de Marca | C69: 1.6 — Selección y seguimiento de hasta 6 embajadores regionales (1 por macrorregión) | D69: Emb. Vinculados / 6 | E69: 1 | F69: 0.90909091 | G69: Nov-26 | H69: 10 | J69: =IFERROR(LOOKUP(2,1/(I60:I69<>""),I60:I69),"—") -> 0 | K69: =IFERROR(IF(OR(J69="—",F69=0),"",J69/F69*100),"—") -> 0 | L69: =IFERROR(IF(K69="","",IF(K69>=95,3,IF(K69>=80,2,1))),"—") -> 1
A70: IG-06 | B70: Embajadores de Marca | C70: 1.6 — Selección y seguimiento de hasta 6 embajadores regionales (1 por macrorregión) | D70: Emb. Vinculados / 6 | E70: 1 | F70: 1 | G70: Dic-26 | H70: 11 | J70: =IFERROR(LOOKUP(2,1/(I60:I70<>""),I60:I70),"—") -> 0 | K70: =IFERROR(IF(OR(J70="—",F70=0),"",J70/F70*100),"—") -> 0 | L70: =IFERROR(IF(K70="","",IF(K70>=95,3,IF(K70>=80,2,1))),"—") -> 1
A71: IG-07 | B71: Plataforma IA | C71: 1.7 — Implementación embajador digital IA para personalización de contenidos | D71: % Avance desarrollo | E71: 1 | F71: 0.090909091 | G71: Feb-26 | H71: 1 | I71: 0 | J71: =IFERROR(LOOKUP(2,1/(I71:I71<>""),I71:I71),"—") -> 0 | K71: =IFERROR(IF(OR(J71="—",F71=0),"",J71/F71*100),"—") -> 0 | L71: =IFERROR(IF(K71="","",IF(K71>=95,3,IF(K71>=80,2,1))),"—") -> 1
A72: IG-07 | B72: Plataforma IA | C72: 1.7 — Implementación embajador digital IA para personalización de contenidos | D72: % Avance desarrollo | E72: 1 | F72: 0.18181818 | G72: Mar-26 | H72: 2 | J72: =IFERROR(LOOKUP(2,1/(I71:I72<>""),I71:I72),"—") -> 0 | K72: =IFERROR(IF(OR(J72="—",F72=0),"",J72/F72*100),"—") -> 0 | L72: =IFERROR(IF(K72="","",IF(K72>=95,3,IF(K72>=80,2,1))),"—") -> 1
A73: IG-07 | B73: Plataforma IA | C73: 1.7 — Implementación embajador digital IA para personalización de contenidos | D73: % Avance desarrollo | E73: 1 | F73: 0.27272727 | G73: Abr-26 | H73: 3 | J73: =IFERROR(LOOKUP(2,1/(I71:I73<>""),I71:I73),"—") -> 0 | K73: =IFERROR(IF(OR(J73="—",F73=0),"",J73/F73*100),"—") -> 0 | L73: =IFERROR(IF(K73="","",IF(K73>=95,3,IF(K73>=80,2,1))),"—") -> 1
A74: IG-07 | B74: Plataforma IA | C74: 1.7 — Implementación embajador digital IA para personalización de contenidos | D74: % Avance desarrollo | E74: 1 | F74: 0.36363636 | G74: May-26 | H74: 4 | J74: =IFERROR(LOOKUP(2,1/(I71:I74<>""),I71:I74),"—") -> 0 | K74: =IFERROR(IF(OR(J74="—",F74=0),"",J74/F74*100),"—") -> 0 | L74: =IFERROR(IF(K74="","",IF(K74>=95,3,IF(K74>=80,2,1))),"—") -> 1
A75: IG-07 | B75: Plataforma IA | C75: 1.7 — Implementación embajador digital IA para personalización de contenidos | D75: % Avance desarrollo | E75: 1 | F75: 0.45454545 | G75: Jun-26 | H75: 5 | J75: =IFERROR(LOOKUP(2,1/(I71:I75<>""),I71:I75),"—") -> 0 | K75: =IFERROR(IF(OR(J75="—",F75=0),"",J75/F75*100),"—") -> 0 | L75: =IFERROR(IF(K75="","",IF(K75>=95,3,IF(K75>=80,2,1))),"—") -> 1
A76: IG-07 | B76: Plataforma IA | C76: 1.7 — Implementación embajador digital IA para personalización de contenidos | D76: % Avance desarrollo | E76: 1 | F76: 0.54545455 | G76: Jul-26 | H76: 6 | J76: =IFERROR(LOOKUP(2,1/(I71:I76<>""),I71:I76),"—") -> 0 | K76: =IFERROR(IF(OR(J76="—",F76=0),"",J76/F76*100),"—") -> 0 | L76: =IFERROR(IF(K76="","",IF(K76>=95,3,IF(K76>=80,2,1))),"—") -> 1
A77: IG-07 | B77: Plataforma IA | C77: 1.7 — Implementación embajador digital IA para personalización de contenidos | D77: % Avance desarrollo | E77: 1 | F77: 0.63636364 | G77: Ago-26 | H77: 7 | J77: =IFERROR(LOOKUP(2,1/(I71:I77<>""),I71:I77),"—") -> 0 | K77: =IFERROR(IF(OR(J77="—",F77=0),"",J77/F77*100),"—") -> 0 | L77: =IFERROR(IF(K77="","",IF(K77>=95,3,IF(K77>=80,2,1))),"—") -> 1
A78: IG-07 | B78: Plataforma IA | C78: 1.7 — Implementación embajador digital IA para personalización de contenidos | D78: % Avance desarrollo | E78: 1 | F78: 0.72727273 | G78: Sep-26 | H78: 8 | J78: =IFERROR(LOOKUP(2,1/(I71:I78<>""),I71:I78),"—") -> 0 | K78: =IFERROR(IF(OR(J78="—",F78=0),"",J78/F78*100),"—") -> 0 | L78: =IFERROR(IF(K78="","",IF(K78>=95,3,IF(K78>=80,2,1))),"—") -> 1
A79: IG-07 | B79: Plataforma IA | C79: 1.7 — Implementación embajador digital IA para personalización de contenidos | D79: % Avance desarrollo | E79: 1 | F79: 0.81818182 | G79: Oct-26 | H79: 9 | J79: =IFERROR(LOOKUP(2,1/(I71:I79<>""),I71:I79),"—") -> 0 | K79: =IFERROR(IF(OR(J79="—",F79=0),"",J79/F79*100),"—") -> 0 | L79: =IFERROR(IF(K79="","",IF(K79>=95,3,IF(K79>=80,2,1))),"—") -> 1
A80: IG-07 | B80: Plataforma IA | C80: 1.7 — Implementación embajador digital IA para personalización de contenidos | D80: % Avance desarrollo | E80: 1 | F80: 0.90909091 | G80: Nov-26 | H80: 10 | J80: =IFERROR(LOOKUP(2,1/(I71:I80<>""),I71:I80),"—") -> 0 | K80: =IFERROR(IF(OR(J80="—",F80=0),"",J80/F80*100),"—") -> 0 | L80: =IFERROR(IF(K80="","",IF(K80>=95,3,IF(K80>=80,2,1))),"—") -> 1
A81: IG-07 | B81: Plataforma IA | C81: 1.7 — Implementación embajador digital IA para personalización de contenidos | D81: % Avance desarrollo | E81: 1 | F81: 1 | G81: Dic-26 | H81: 11 | J81: =IFERROR(LOOKUP(2,1/(I71:I81<>""),I71:I81),"—") -> 0 | K81: =IFERROR(IF(OR(J81="—",F81=0),"",J81/F81*100),"—") -> 0 | L81: =IFERROR(IF(K81="","",IF(K81>=95,3,IF(K81>=80,2,1))),"—") -> 1
A82: IG-08 | B82: Macro Ruedas de Negocio | C82: 2.1 — Logística para 6 macro ruedas de negocio (una por macrorregión) | D82: Eventos Realizados / 6 | E82: 1 | F82: 0.090909091 | G82: Feb-26 | H82: 1 | I82: 0 | J82: =IFERROR(LOOKUP(2,1/(I82:I82<>""),I82:I82),"—") -> 0 | K82: =IFERROR(IF(OR(J82="—",F82=0),"",J82/F82*100),"—") -> 0 | L82: =IFERROR(IF(K82="","",IF(K82>=95,3,IF(K82>=80,2,1))),"—") -> 1
A83: IG-08 | B83: Macro Ruedas de Negocio | C83: 2.1 — Logística para 6 macro ruedas de negocio (una por macrorregión) | D83: Eventos Realizados / 6 | E83: 1 | F83: 0.18181818 | G83: Mar-26 | H83: 2 | J83: =IFERROR(LOOKUP(2,1/(I82:I83<>""),I82:I83),"—") -> 0 | K83: =IFERROR(IF(OR(J83="—",F83=0),"",J83/F83*100),"—") -> 0 | L83: =IFERROR(IF(K83="","",IF(K83>=95,3,IF(K83>=80,2,1))),"—") -> 1
A84: IG-08 | B84: Macro Ruedas de Negocio | C84: 2.1 — Logística para 6 macro ruedas de negocio (una por macrorregión) | D84: Eventos Realizados / 6 | E84: 1 | F84: 0.27272727 | G84: Abr-26 | H84: 3 | J84: =IFERROR(LOOKUP(2,1/(I82:I84<>""),I82:I84),"—") -> 0 | K84: =IFERROR(IF(OR(J84="—",F84=0),"",J84/F84*100),"—") -> 0 | L84: =IFERROR(IF(K84="","",IF(K84>=95,3,IF(K84>=80,2,1))),"—") -> 1
A85: IG-08 | B85: Macro Ruedas de Negocio | C85: 2.1 — Logística para 6 macro ruedas de negocio (una por macrorregión) | D85: Eventos Realizados / 6 | E85: 1 | F85: 0.36363636 | G85: May-26 | H85: 4 | J85: =IFERROR(LOOKUP(2,1/(I82:I85<>""),I82:I85),"—") -> 0 | K85: =IFERROR(IF(OR(J85="—",F85=0),"",J85/F85*100),"—") -> 0 | L85: =IFERROR(IF(K85="","",IF(K85>=95,3,IF(K85>=80,2,1))),"—") -> 1
A86: IG-08 | B86: Macro Ruedas de Negocio | C86: 2.1 — Logística para 6 macro ruedas de negocio (una por macrorregión) | D86: Eventos Realizados / 6 | E86: 1 | F86: 0.45454545 | G86: Jun-26 | H86: 5 | J86: =IFERROR(LOOKUP(2,1/(I82:I86<>""),I82:I86),"—") -> 0 | K86: =IFERROR(IF(OR(J86="—",F86=0),"",J86/F86*100),"—") -> 0 | L86: =IFERROR(IF(K86="","",IF(K86>=95,3,IF(K86>=80,2,1))),"—") -> 1
A87: IG-08 | B87: Macro Ruedas de Negocio | C87: 2.1 — Logística para 6 macro ruedas de negocio (una por macrorregión) | D87: Eventos Realizados / 6 | E87: 1 | F87: 0.54545455 | G87: Jul-26 | H87: 6 | J87: =IFERROR(LOOKUP(2,1/(I82:I87<>""),I82:I87),"—") -> 0 | K87: =IFERROR(IF(OR(J87="—",F87=0),"",J87/F87*100),"—") -> 0 | L87: =IFERROR(IF(K87="","",IF(K87>=95,3,IF(K87>=80,2,1))),"—") -> 1
A88: IG-08 | B88: Macro Ruedas de Negocio | C88: 2.1 — Logística para 6 macro ruedas de negocio (una por macrorregión) | D88: Eventos Realizados / 6 | E88: 1 | F88: 0.63636364 | G88: Ago-26 | H88: 7 | J88: =IFERROR(LOOKUP(2,1/(I82:I88<>""),I82:I88),"—") -> 0 | K88: =IFERROR(IF(OR(J88="—",F88=0),"",J88/F88*100),"—") -> 0 | L88: =IFERROR(IF(K88="","",IF(K88>=95,3,IF(K88>=80,2,1))),"—") -> 1
A89: IG-08 | B89: Macro Ruedas de Negocio | C89: 2.1 — Logística para 6 macro ruedas de negocio (una por macrorregión) | D89: Eventos Realizados / 6 | E89: 1 | F89: 0.72727273 | G89: Sep-26 | H89: 8 | J89: =IFERROR(LOOKUP(2,1/(I82:I89<>""),I82:I89),"—") -> 0 | K89: =IFERROR(IF(OR(J89="—",F89=0),"",J89/F89*100),"—") -> 0 | L89: =IFERROR(IF(K89="","",IF(K89>=95,3,IF(K89>=80,2,1))),"—") -> 1
A90: IG-08 | B90: Macro Ruedas de Negocio | C90: 2.1 — Logística para 6 macro ruedas de negocio (una por macrorregión) | D90: Eventos Realizados / 6 | E90: 1 | F90: 0.81818182 | G90: Oct-26 | H90: 9 | J90: =IFERROR(LOOKUP(2,1/(I82:I90<>""),I82:I90),"—") -> 0 | K90: =IFERROR(IF(OR(J90="—",F90=0),"",J90/F90*100),"—") -> 0 | L90: =IFERROR(IF(K90="","",IF(K90>=95,3,IF(K90>=80,2,1))),"—") -> 1
A91: IG-08 | B91: Macro Ruedas de Negocio | C91: 2.1 — Logística para 6 macro ruedas de negocio (una por macrorregión) | D91: Eventos Realizados / 6 | E91: 1 | F91: 0.90909091 | G91: Nov-26 | H91: 10 | J91: =IFERROR(LOOKUP(2,1/(I82:I91<>""),I82:I91),"—") -> 0 | K91: =IFERROR(IF(OR(J91="—",F91=0),"",J91/F91*100),"—") -> 0 | L91: =IFERROR(IF(K91="","",IF(K91>=95,3,IF(K91>=80,2,1))),"—") -> 1
A92: IG-08 | B92: Macro Ruedas de Negocio | C92: 2.1 — Logística para 6 macro ruedas de negocio (una por macrorregión) | D92: Eventos Realizados / 6 | E92: 1 | F92: 1 | G92: Dic-26 | H92: 11 | J92: =IFERROR(LOOKUP(2,1/(I82:I92<>""),I82:I92),"—") -> 0 | K92: =IFERROR(IF(OR(J92="—",F92=0),"",J92/F92*100),"—") -> 0 | L92: =IFERROR(IF(K92="","",IF(K92>=95,3,IF(K92>=80,2,1))),"—") -> 1
A93: IG-09 | B93: Estudio de Impacto | C93: 3.1 — Medición de la campaña en prestadores de servicios turísticos y turistas | D93: % Etapas completadas | E93: 1 | F93: 0.090909091 | G93: Feb-26 | H93: 1 | I93: 0 | J93: =IFERROR(LOOKUP(2,1/(I93:I93<>""),I93:I93),"—") -> 0 | K93: =IFERROR(IF(OR(J93="—",F93=0),"",J93/F93*100),"—") -> 0 | L93: =IFERROR(IF(K93="","",IF(K93>=95,3,IF(K93>=80,2,1))),"—") -> 1
A94: IG-09 | B94: Estudio de Impacto | C94: 3.1 — Medición de la campaña en prestadores de servicios turísticos y turistas | D94: % Etapas completadas | E94: 1 | F94: 0.18181818 | G94: Mar-26 | H94: 2 | J94: =IFERROR(LOOKUP(2,1/(I93:I94<>""),I93:I94),"—") -> 0 | K94: =IFERROR(IF(OR(J94="—",F94=0),"",J94/F94*100),"—") -> 0 | L94: =IFERROR(IF(K94="","",IF(K94>=95,3,IF(K94>=80,2,1))),"—") -> 1
A95: IG-09 | B95: Estudio de Impacto | C95: 3.1 — Medición de la campaña en prestadores de servicios turísticos y turistas | D95: % Etapas completadas | E95: 1 | F95: 0.27272727 | G95: Abr-26 | H95: 3 | J95: =IFERROR(LOOKUP(2,1/(I93:I95<>""),I93:I95),"—") -> 0 | K95: =IFERROR(IF(OR(J95="—",F95=0),"",J95/F95*100),"—") -> 0 | L95: =IFERROR(IF(K95="","",IF(K95>=95,3,IF(K95>=80,2,1))),"—") -> 1
A96: IG-09 | B96: Estudio de Impacto | C96: 3.1 — Medición de la campaña en prestadores de servicios turísticos y turistas | D96: % Etapas completadas | E96: 1 | F96: 0.36363636 | G96: May-26 | H96: 4 | J96: =IFERROR(LOOKUP(2,1/(I93:I96<>""),I93:I96),"—") -> 0 | K96: =IFERROR(IF(OR(J96="—",F96=0),"",J96/F96*100),"—") -> 0 | L96: =IFERROR(IF(K96="","",IF(K96>=95,3,IF(K96>=80,2,1))),"—") -> 1
A97: IG-09 | B97: Estudio de Impacto | C97: 3.1 — Medición de la campaña en prestadores de servicios turísticos y turistas | D97: % Etapas completadas | E97: 1 | F97: 0.45454545 | G97: Jun-26 | H97: 5 | J97: =IFERROR(LOOKUP(2,1/(I93:I97<>""),I93:I97),"—") -> 0 | K97: =IFERROR(IF(OR(J97="—",F97=0),"",J97/F97*100),"—") -> 0 | L97: =IFERROR(IF(K97="","",IF(K97>=95,3,IF(K97>=80,2,1))),"—") -> 1
A98: IG-09 | B98: Estudio de Impacto | C98: 3.1 — Medición de la campaña en prestadores de servicios turísticos y turistas | D98: % Etapas completadas | E98: 1 | F98: 0.54545455 | G98: Jul-26 | H98: 6 | J98: =IFERROR(LOOKUP(2,1/(I93:I98<>""),I93:I98),"—") -> 0 | K98: =IFERROR(IF(OR(J98="—",F98=0),"",J98/F98*100),"—") -> 0 | L98: =IFERROR(IF(K98="","",IF(K98>=95,3,IF(K98>=80,2,1))),"—") -> 1
A99: IG-09 | B99: Estudio de Impacto | C99: 3.1 — Medición de la campaña en prestadores de servicios turísticos y turistas | D99: % Etapas completadas | E99: 1 | F99: 0.63636364 | G99: Ago-26 | H99: 7 | J99: =IFERROR(LOOKUP(2,1/(I93:I99<>""),I93:I99),"—") -> 0 | K99: =IFERROR(IF(OR(J99="—",F99=0),"",J99/F99*100),"—") -> 0 | L99: =IFERROR(IF(K99="","",IF(K99>=95,3,IF(K99>=80,2,1))),"—") -> 1
A100: IG-09 | B100: Estudio de Impacto | C100: 3.1 — Medición de la campaña en prestadores de servicios turísticos y turistas | D100: % Etapas completadas | E100: 1 | F100: 0.72727273 | G100: Sep-26 | H100: 8 | J100: =IFERROR(LOOKUP(2,1/(I93:I100<>""),I93:I100),"—") -> 0 | K100: =IFERROR(IF(OR(J100="—",F100=0),"",J100/F100*100),"—") -> 0 | L100: =IFERROR(IF(K100="","",IF(K100>=95,3,IF(K100>=80,2,1))),"—") -> 1
A101: IG-09 | B101: Estudio de Impacto | C101: 3.1 — Medición de la campaña en prestadores de servicios turísticos y turistas | D101: % Etapas completadas | E101: 1 | F101: 0.81818182 | G101: Oct-26 | H101: 9 | J101: =IFERROR(LOOKUP(2,1/(I93:I101<>""),I93:I101),"—") -> 0 | K101: =IFERROR(IF(OR(J101="—",F101=0),"",J101/F101*100),"—") -> 0 | L101: =IFERROR(IF(K101="","",IF(K101>=95,3,IF(K101>=80,2,1))),"—") -> 1
...

Sheet Curva_S
A1: CURVA-S — AVANCE EJECUCIÓN PRESUPUESTAL | FNTP-2025-264 | Oct-25 – Ago-26 | % Acumulado Programado vs. Ejecutado Real
A2: Feb-26 = Mes 5 del proyecto P264 · 45.1% confirmado · Meses 1-4 (Oct-Ene): anteriores al contrato FNTC-161-2026
A3: Período | B3: Mes P264 | C3: % Programado | D3: % Real Ejecutado | E3: Desviación (pp) | F3: Estado
A4: Oct-25 | B4: Mes 1 | C4: =Datos!C121 -> 0.06 | D4: =IF(Datos!D121="","",Datos!D121) -> 0.0667 | E4: =IFERROR(IF(D4="","",IF(D4="Prev. contrato","",D4-C4)),"") -> 0.0067 | F4: =IFERROR(IF(OR(D4="",D4="Prev. contrato"),"—",IF(E4>=0,"▲ Adelantado",IF(E4>=-0.05,"► En rango","▼ Rezagado"))),"—") -> ▲ Adelantado
A5: Nov-25 | B5: Mes 2 | C5: =Datos!C122 -> 0.14 | D5: =IF(Datos!D122="","",Datos!D122) -> 0.1326 | E5: =IFERROR(IF(D5="","",IF(D5="Prev. contrato","",D5-C5)),"") -> -0.0074 | F5: =IFERROR(IF(OR(D5="",D5="Prev. contrato"),"—",IF(E5>=0,"▲ Adelantado",IF(E5>=-0.05,"► En rango","▼ Rezagado"))),"—") -> ► En rango
A6: Dic-25 | B6: Mes 3 | C6: =Datos!C123 -> 0.24 | D6: =IF(Datos!D123="","",Datos!D123) -> 0.3307 | E6: =IFERROR(IF(D6="","",IF(D6="Prev. contrato","",D6-C6)),"") -> 0.0907 | F6: =IFERROR(IF(OR(D6="",D6="Prev. contrato"),"—",IF(E6>=0,"▲ Adelantado",IF(E6>=-0.05,"► En rango","▼ Rezagado"))),"—") -> ▲ Adelantado
A7: Ene-26 | B7: Mes 4 | C7: =Datos!C124 -> 0.36 | D7: =IF(Datos!D124="","",Datos!D124) -> 0.354 | E7: =IFERROR(IF(D7="","",IF(D7="Prev. contrato","",D7-C7)),"") -> -0.006 | F7: =IFERROR(IF(OR(D7="",D7="Prev. contrato"),"—",IF(E7>=0,"▲ Adelantado",IF(E7>=-0.05,"► En rango","▼ Rezagado"))),"—") -> ► En rango
A8: Feb-26 | B8: Mes 5 | C8: =Datos!C125 -> 0.48 | D8: =IF(Datos!D125="","",Datos!D125) -> 0.398 | E8: =IFERROR(IF(D8="","",IF(D8="Prev. contrato","",D8-C8)),"") -> -0.082 | F8: =IFERROR(IF(OR(D8="",D8="Prev. contrato"),"—",IF(E8>=0,"▲ Adelantado",IF(E8>=-0.05,"► En rango","▼ Rezagado"))),"—") -> ▼ Rezagado
A9: Mar-26 | B9: Mes 6 | C9: =Datos!C126 -> 0.59 | D9: =IF(Datos!D126="","",Datos!D126) | E9: =IFERROR(IF(D9="","",IF(D9="Prev. contrato","",D9-C9)),"") | F9: =IFERROR(IF(OR(D9="",D9="Prev. contrato"),"—",IF(E9>=0,"▲ Adelantado",IF(E9>=-0.05,"► En rango","▼ Rezagado"))),"—") -> —
A10: Abr-26 | B10: Mes 7 | C10: =Datos!C127 -> 0.7 | D10: =IF(Datos!D127="","",Datos!D127) | E10: =IFERROR(IF(D10="","",IF(D10="Prev. contrato","",D10-C10)),"") | F10: =IFERROR(IF(OR(D10="",D10="Prev. contrato"),"—",IF(E10>=0,"▲ Adelantado",IF(E10>=-0.05,"► En rango","▼ Rezagado"))),"—") -> —
A11: May-26 | B11: Mes 8 | C11: =Datos!C128 -> 0.8 | D11: =IF(Datos!D128="","",Datos!D128) | E11: =IFERROR(IF(D11="","",IF(D11="Prev. contrato","",D11-C11)),"") | F11: =IFERROR(IF(OR(D11="",D11="Prev. contrato"),"—",IF(E11>=0,"▲ Adelantado",IF(E11>=-0.05,"► En rango","▼ Rezagado"))),"—") -> —
A12: Jun-26 | B12: Mes 9 | C12: =Datos!C129 -> 0.88 | D12: =IF(Datos!D129="","",Datos!D129) | E12: =IFERROR(IF(D12="","",IF(D12="Prev. contrato","",D12-C12)),"") | F12: =IFERROR(IF(OR(D12="",D12="Prev. contrato"),"—",IF(E12>=0,"▲ Adelantado",IF(E12>=-0.05,"► En rango","▼ Rezagado"))),"—") -> —
A13: Jul-26 | B13: Mes 10 | C13: =Datos!C130 -> 0.95 | D13: =IF(Datos!D130="","",Datos!D130) | E13: =IFERROR(IF(D13="","",IF(D13="Prev. contrato","",D13-C13)),"") | F13: =IFERROR(IF(OR(D13="",D13="Prev. contrato"),"—",IF(E13>=0,"▲ Adelantado",IF(E13>=-0.05,"► En rango","▼ Rezagado"))),"—") -> —
A14: Ago-26 | B14: Mes 11 | C14: =Datos!C131 -> 1 | D14: =IF(Datos!D131="","",Datos!D131) | E14: =IFERROR(IF(D14="","",IF(D14="Prev. contrato","",D14-C14)),"") | F14: =IFERROR(IF(OR(D14="",D14="Prev. contrato"),"—",IF(E14>=0,"▲ Adelantado",IF(E14>=-0.05,"► En rango","▼ Rezagado"))),"—") -> —
A16: FUENTE: % Real = dato ingresado en Datos Sección B. Meses 1-4 son previos al contrato FNTC-161-2026.

Sheet Dashboard
B2: TABLERO DE CONTROL EJECUTIVO — FNTC-161-2026 | Patrimonio Autónomo FONTUR
B3: Proyecto FNTP-2025-264 · Oct-25 – Ago-26 · Contrato: Feb–Dic 2026
B5: GESTIÓN POR ACTIVIDAD — % Desempeño vs. Meta Proporcional al Mes
B6: Cód. | C6: Indicador / Actividad | D6: Unidad | E6: Meta Total | F6: Meta Acum. | G6: Último Acum. | H6: % Desempeño | I6: Estado | J6: Semáforo
B7: =Datos!A5 -> IG-01 | C7: =Datos!B5 -> Diseño Material Gráfico | D7: =Datos!D5 -> % Presup. Ejecutado | E7: =Datos!E5 -> 1 | F7: =IFERROR(LOOKUP(2,1/(Datos!I5:I15<>""),Datos!F5:F15),"—") -> 0.090909091 | G7: =IFERROR(LOOKUP(2,1/(Datos!I5:I15<>""),Datos!J5:J15),"—") -> 0.45 | H7: {=IFERROR(IF(LOOKUP(2,1/(Datos!I5:I15<>""),Datos!K5:K15)="","S/D",LOOKUP(2,1/(Datos!I5:I15<>""),Datos!K5:K15)),"S/D")} -> 495 | I7: =IFERROR(_xlfn.LET(_xlpm.s,LOOKUP(2,1/(Datos!I5:I15<>""),Datos!L5:L15),IF(_xlpm.s=3,"CUMPLE",IF(_xlpm.s=2,"Observación","Crítico"))),"S/D") -> CUMPLE | J7: =IFERROR(IF(H7="","",IF(H7>=95,3,IF(H7>=80,2,1))),"—") -> 3
B8: =Datos!A16 -> IG-02 | C8: =Datos!B16 -> Ejecución Pauta | D8: =Datos!D16 -> % Presup. Ejecutado | E8: =Datos!E16 -> 1 | F8: =IFERROR(LOOKUP(2,1/(Datos!I16:I26<>""),Datos!F16:F26),"—") -> 0.090909091 | G8: =IFERROR(LOOKUP(2,1/(Datos!I16:I26<>""),Datos!J16:J26),"—") -> 0.58 | H8: {=IFERROR(IF(LOOKUP(2,1/(Datos!I16:I26<>""),Datos!K16:K26)="","S/D",LOOKUP(2,1/(Datos!I16:I26<>""),Datos!K16:K26)),"S/D")} -> 638 | I8: =IFERROR(_xlfn.LET(_xlpm.s,LOOKUP(2,1/(Datos!I16:I26<>""),Datos!L16:L26),IF(_xlpm.s=3,"CUMPLE",IF(_xlpm.s=2,"Observación","Crítico"))),"S/D") -> CUMPLE | J8: =IFERROR(IF(H8="","",IF(H8>=95,3,IF(H8>=80,2,1))),"—") -> 3
B9: =Datos!A27 -> IG-03 | C9: =Datos!B27 -> Actividades BTL | D9: =Datos!D27 -> % Presup. Ejecutado | E9: =Datos!E27 -> 1 | F9: =IFERROR(LOOKUP(2,1/(Datos!I27:I37<>""),Datos!F27:F37),"—") -> 0.090909091 | G9: =IFERROR(LOOKUP(2,1/(Datos!I27:I37<>""),Datos!J27:J37),"—") -> 0.62 | H9: {=IFERROR(IF(LOOKUP(2,1/(Datos!I27:I37<>""),Datos!K27:K37)="","S/D",LOOKUP(2,1/(Datos!I27:I37<>""),Datos!K27:K37)),"S/D")} -> 682 | I9: =IFERROR(_xlfn.LET(_xlpm.s,LOOKUP(2,1/(Datos!I27:I37<>""),Datos!L27:L37),IF(_xlpm.s=3,"CUMPLE",IF(_xlpm.s=2,"Observación","Crítico"))),"S/D") -> CUMPLE | J9: =IFERROR(IF(H9="","",IF(H9>=95,3,IF(H9>=80,2,1))),"—") -> 3
B10: =Datos!A38 -> IG-04 | C10: =Datos!B38 -> Material Promocional POP | D10: =Datos!D38 -> % Presup. Ejecutado | E10: =Datos!E38 -> 1 | F10: =IFERROR(LOOKUP(2,1/(Datos!I38:I48<>""),Datos!F38:F48),"—") -> 0.090909091 | G10: =IFERROR(LOOKUP(2,1/(Datos!I38:I48<>""),Datos!J38:J48),"—") -> 0.31 | H10: {=IFERROR(IF(LOOKUP(2,1/(Datos!I38:I48<>""),Datos!K38:K48)="","S/D",LOOKUP(2,1/(Datos!I38:I48<>""),Datos!K38:K48)),"S/D")} -> 341 | I10: =IFERROR(_xlfn.LET(_xlpm.s,LOOKUP(2,1/(Datos!I38:I48<>""),Datos!L38:L48),IF(_xlpm.s=3,"CUMPLE",IF(_xlpm.s=2,"Observación","Crítico"))),"S/D") -> CUMPLE | J10: =IFERROR(IF(H10="","",IF(H10>=95,3,IF(H10>=80,2,1))),"—") -> 3
B11: =Datos!A49 -> IG-05 | C11: =Datos!B49 -> Viajes de Familiarización | D11: =Datos!D49 -> % Presup. Ejecutado | E11: =Datos!E49 -> 1 | F11: =IFERROR(LOOKUP(2,1/(Datos!I49:I59<>""),Datos!F49:F59),"—") -> 0.090909091 | G11: =IFERROR(LOOKUP(2,1/(Datos!I49:I59<>""),Datos!J49:J59),"—") -> 0.14 | H11: {=IFERROR(IF(LOOKUP(2,1/(Datos!I49:I59<>""),Datos!K49:K59)="","S/D",LOOKUP(2,1/(Datos!I49:I59<>""),Datos!K49:K59)),"S/D")} -> 154 | I11: =IFERROR(_xlfn.LET(_xlpm.s,LOOKUP(2,1/(Datos!I49:I59<>""),Datos!L49:L59),IF(_xlpm.s=3,"CUMPLE",IF(_xlpm.s=2,"Observación","Crítico"))),"S/D") -> CUMPLE | J11: =IFERROR(IF(H11="","",IF(H11>=95,3,IF(H11>=80,2,1))),"—") -> 3
B12: =Datos!A60 -> IG-06 | C12: =Datos!B60 -> Embajadores de Marca | D12: =Datos!D60 -> Emb. Vinculados / 6 | E12: =Datos!E60 -> 1 | F12: =IFERROR(LOOKUP(2,1/(Datos!I60:I70<>""),Datos!F60:F70),"—") -> 0.090909091 | G12: =IFERROR(LOOKUP(2,1/(Datos!I60:I70<>""),Datos!J60:J70),"—") -> 0 | H12: {=IFERROR(IF(LOOKUP(2,1/(Datos!I60:I70<>""),Datos!K60:K70)="","S/D",LOOKUP(2,1/(Datos!I60:I70<>""),Datos!K60:K70)),"S/D")} -> 0 | I12: =IFERROR(_xlfn.LET(_xlpm.s,LOOKUP(2,1/(Datos!I60:I70<>""),Datos!L60:L70),IF(_xlpm.s=3,"CUMPLE",IF(_xlpm.s=2,"Observación","Crítico"))),"S/D") -> Crítico | J12: =IFERROR(IF(H12="","",IF(H12>=95,3,IF(H12>=80,2,1))),"—") -> 1
B13: =Datos!A71 -> IG-07 | C13: =Datos!B71 -> Plataforma IA | D13: =Datos!D71 -> % Avance desarrollo | E13: =Datos!E71 -> 1 | F13: =IFERROR(LOOKUP(2,1/(Datos!I71:I81<>""),Datos!F71:F81),"—") -> 0.090909091 | G13: =IFERROR(LOOKUP(2,1/(Datos!I71:I81<>""),Datos!J71:J81),"—") -> 0 | H13: {=IFERROR(IF(LOOKUP(2,1/(Datos!I71:I81<>""),Datos!K71:K81)="","S/D",LOOKUP(2,1/(Datos!I71:I81<>""),Datos!K71:K81)),"S/D")} -> 0 | I13: =IFERROR(_xlfn.LET(_xlpm.s,LOOKUP(2,1/(Datos!I71:I81<>""),Datos!L71:L81),IF(_xlpm.s=3,"CUMPLE",IF(_xlpm.s=2,"Observación","Crítico"))),"S/D") -> Crítico | J13: =IFERROR(IF(H13="","",IF(H13>=95,3,IF(H13>=80,2,1))),"—") -> 1
B14: =Datos!A82 -> IG-08 | C14: =Datos!B82 -> Macro Ruedas de Negocio | D14: =Datos!D82 -> Eventos Realizados / 6 | E14: =Datos!E82 -> 1 | F14: =IFERROR(LOOKUP(2,1/(Datos!I82:I92<>""),Datos!F82:F92),"—") -> 0.090909091 | G14: =IFERROR(LOOKUP(2,1/(Datos!I82:I92<>""),Datos!J82:J92),"—") -> 0 | H14: {=IFERROR(IF(LOOKUP(2,1/(Datos!I82:I92<>""),Datos!K82:K92)="","S/D",LOOKUP(2,1/(Datos!I82:I92<>""),Datos!K82:K92)),"S/D")} -> 0 | I14: =IFERROR(_xlfn.LET(_xlpm.s,LOOKUP(2,1/(Datos!I82:I92<>""),Datos!L82:L92),IF(_xlpm.s=3,"CUMPLE",IF(_xlpm.s=2,"Observación","Crítico"))),"S/D") -> Crítico | J14: =IFERROR(IF(H14="","",IF(H14>=95,3,IF(H14>=80,2,1))),"—") -> 1
B15: =Datos!A93 -> IG-09 | C15: =Datos!B93 -> Estudio de Impacto | D15: =Datos!D93 -> % Etapas completadas | E15: =Datos!E93 -> 1 | F15: =IFERROR(LOOKUP(2,1/(Datos!I93:I103<>""),Datos!F93:F103),"—") -> 0.090909091 | G15: =IFERROR(LOOKUP(2,1/(Datos!I93:I103<>""),Datos!J93:J103),"—") -> 0 | H15: {=IFERROR(IF(LOOKUP(2,1/(Datos!I93:I103<>""),Datos!K93:K103)="","S/D",LOOKUP(2,1/(Datos!I93:I103<>""),Datos!K93:K103)),"S/D")} -> 0 | I15: =IFERROR(_xlfn.LET(_xlpm.s,LOOKUP(2,1/(Datos!I93:I103<>""),Datos!L93:L103),IF(_xlpm.s=3,"CUMPLE",IF(_xlpm.s=2,"Observación","Crítico"))),"S/D") -> Crítico | J15: =IFERROR(IF(H15="","",IF(H15>=95,3,IF(H15>=80,2,1))),"—") -> 1
B16: =Datos!A104 -> IG-10 | C16: =Datos!B104 -> Personal de Seguimiento | D16: =Datos!D104 -> Informes Aprobados / 11 | E16: =Datos!E104 -> 1 | F16: =IFERROR(LOOKUP(2,1/(Datos!I104:I114<>""),Datos!F104:F114),"—") -> 0.090909091 | G16: =IFERROR(LOOKUP(2,1/(Datos!I104:I114<>""),Datos!J104:J114),"—") -> 0.090909091 | H16: {=IFERROR(IF(LOOKUP(2,1/(Datos!I104:I114<>""),Datos!K104:K114)="","S/D",LOOKUP(2,1/(Datos!I104:I114<>""),Datos!K104:K114)),"S/D")} -> 100 | I16: =IFERROR(_xlfn.LET(_xlpm.s,LOOKUP(2,1/(Datos!I104:I114<>""),Datos!L104:L114),IF(_xlpm.s=3,"CUMPLE",IF(_xlpm.s=2,"Observación","Crítico"))),"S/D") -> CUMPLE | J16: =IFERROR(IF(H16="","",IF(H16>=95,3,IF(H16>=80,2,1))),"—") -> 3
B19: CURVA-S — EJECUCIÓN PRESUPUESTAL P264 | Oct-25–Ago-26 | Feb-26=Mes5 (45.1%)
B20: Concepto | C20: Oct-25 | D20: Nov-25 | E20: Dic-25 | F20: Ene-26 | G20: Feb-26 | H20: Mar-26 | I20: Abr-26 | J20: May-26 | K20: Jun-26 | L20: Jul-26 | M20: Ago-26 | N20: Ref.
B21: Programado | C21: =IF(Datos!C121="","",Datos!C121) -> 0.06 | D21: =IF(Datos!C122="","",Datos!C122) -> 0.14 | E21: =IF(Datos!C123="","",Datos!C123) -> 0.24 | F21: =IF(Datos!C124="","",Datos!C124) -> 0.36 | G21: =IF(Datos!C125="","",Datos!C125) -> 0.48 | H21: =IF(Datos!C126="","",Datos!C126) -> 0.59 | I21: =IF(Datos!C127="","",Datos!C127) -> 0.7 | J21: =IF(Datos!C128="","",Datos!C128) -> 0.8 | K21: =IF(Datos!C129="","",Datos!C129) -> 0.88 | L21: =IF(Datos!C130="","",Datos!C130) -> 0.95 | M21: =IF(Datos!C131="","",Datos!C131) -> 1 | N21: → Datos §B
B22: Real P264 | C22: =IF(Datos!D121="","",Datos!D121) -> 0.0667 | D22: =IF(Datos!D122="","",Datos!D122) -> 0.1326 | E22: =IF(Datos!D123="","",Datos!D123) -> 0.3307 | F22: =IF(Datos!D124="","",Datos!D124) -> 0.354 | G22: =IF(Datos!D125="","",Datos!D125) -> 0.398 | H22: =IF(Datos!D126="","",Datos!D126) | I22: =IF(Datos!D127="","",Datos!D127) | J22: =IF(Datos!D128="","",Datos!D128) | K22: =IF(Datos!D129="","",Datos!D129) | L22: =IF(Datos!D130="","",Datos!D130) | M22: =IF(Datos!D131="","",Datos!D131) | N22: → Datos §B
B23: Desviación | C23: =IF(Datos!E121="","",Datos!E121) -> 0.0067 | D23: =IF(Datos!E122="","",Datos!E122) -> -0.0074 | E23: =IF(Datos!E123="","",Datos!E123) -> 0.0907 | F23: =IF(Datos!E124="","",Datos!E124) -> -0.006 | G23: =IF(Datos!E125="","",Datos!E125) -> -0.082 | H23: =IF(Datos!E126="","",Datos!E126) | I23: =IF(Datos!E127="","",Datos!E127) | J23: =IF(Datos!E128="","",Datos!E128) | K23: =IF(Datos!E129="","",Datos!E129) | L23: =IF(Datos!E130="","",Datos!E130) | M23: =IF(Datos!E131="","",Datos!E131) | N23: → Datos §B
B25: INDICADORES DE RESULTADO — Impacto Estratégico Campaña Colombia El País De La Belleza
B26: Cód. | C26: Indicador de Resultado | D26: Unidad | E26: Meta | F26: Último Acum. | G26: % Avance
B27: =Datos!A136 -> IR-01 | C27: =Datos!B136 -> Alcance e Impacto en Medios | D27: =Datos!D136 -> N° impactos digitales y ATL | E27: =Datos!E136 -> 135000000 | F27: =Datos!I146 -> 0 | G27: =Datos!J146
B28: =Datos!A147 -> IR-02 | C28: =Datos!B147 -> Generación de Oportunidades Comerciales | D28: =Datos!D147 -> N° expectativas de negocio | E28: =Datos!E147 -> 1200 | F28: =Datos!I157 -> 0 | G28: =Datos!J157
B29: =Datos!A158 -> IR-03 | C29: =Datos!B158 -> Medición de Impacto de Campaña | D29: =Datos!D158 -> N° estudios realizados | E29: =Datos!E158 -> 1 | F29: =Datos!I168 -> 0 | G29: =Datos!J168
B30: =Datos!A169 -> IR-04 | C30: =Datos!B169 -> Implementación Tecnológica (IA) | D30: =Datos!D169 -> N° plataformas operativas | E30: =Datos!E169 -> 1 | F30: =Datos!I179 -> 0 | G30: =Datos!J179
B33: LEYENDA SEMÁFORO
B34: 🟢 CUMPLE ≥ 95% | G34: 🟡 Observación 80–94% | L34: 🔴 Crítico < 80%
B35: ⚠ Datos en hoja 'Datos': Sec.A col I (valor real por IG×mes) | Sec.B fila Real P264 | Sec.C col H (valor IR×mes). % Desempeño = Real / Meta Acum. Mes × 100 (meta proporcional al mes, no la meta total).

Sheet Hallazgos
A1: REGISTRO DE HALLAZGOS Y ACCIONES DE MITIGACIÓN | FNTC-161-2026
A2: # | B2: Período | C2: Hallazgo / Riesgo | D2: Estado | E2: Acción Mitigante | F2: Responsable | G2: Fecha Cierre
A3: 1 | B3: Feb-26 | C3: Retraso entrega material por agencia externa | D3: Crítico | E3: Escalar a comité de mercadeo; ajuste de cronograma. | F3: Gerente de Proyecto
A4: 2 | B4: Feb-26 | C4: Baja interacción digital Amazonía y Macizo | D4: Observación | E4: Reforzar pauta digital focalizada con segmentación regional. | F4: Líder Digital
A5: 3 | B5: Feb-26 | C5: Riesgo subejecución Amazonía y Macizo al cierre Q1 | D5: Observación | E5: Alinear cronograma táctico con agencia antes del cierre de trimestre. | F5: Coordinador Financiero
A6: 4 | B6: Feb-26 | C6: Flujos Pauta/BTL pendientes calibración MinCIT/FONTUR | D6: Observación | E6: Calibración y retroalimentación para normalizar umbrales Curva-S. | F6: Contratista | G6: Mar-26
A17: Agregar filas según se detecten hallazgos. Estado: Crítico / Observación / Resuelto.
